County,Division,Year,team,pld,w,d,l,pf,pa,pd,pts,clean_team,Latitude,Longitude
Cavan,A-League Division 1,2024,Ramor United,12,11,0,1,246,139,107,22,ramor united,53.830296,-7.070488
Cavan,A-League Division 1,2024,Cavan Gaels,12,10,1,1,216,133,83,21,cavan gaels,53.988038,-7.363122
Cavan,A-League Division 1,2024,Gowna,12,8,0,4,225,171,54,16,gowna,53.86601,-7.550067
Cavan,A-League Division 1,2024,Crosserlough,12,8,0,4,216,153,63,16,crosserlough,53.861975,-7.316331
Cavan,A-League Division 1,2024,Kingscourt Stars,12,6,0,6,186,181,5,12,kingscourt stars,53.907118,-6.801545
Cavan,A-League Division 1,2024,Arva,12,5,1,6,160,176,-16,11,st patricks arva,53.92166,-7.57887
Cavan,A-League Division 1,2024,CLG Cuchulainn,12,5,1,6,170,212,-42,11,cuchulainns,53.808693,-6.938897
Cavan,A-League Division 1,2024,Knockbride,13,5,1,7,209,252,-43,11,knockbride,53.977897,-7.057976
Cavan,A-League Division 1,2024,Mullahoran GFC,12,5,0,7,193,177,16,10,mullahoran dreadnoughts,53.835173,-7.439166
Cavan,A-League Division 1,2024,Laragh Utd,12,5,0,7,168,190,-22,10,laragh united,53.983051,-7.237147
Cavan,A-League Division 1,2024,Ballyhaise,12,4,1,7,174,200,-26,9,ballyhaise,54.046253,-7.314709
Cavan,A-League Division 1,2024,Castlerahan GAA,13,4,1,8,165,212,-47,9,castlerahan,53.861232,-7.209929
Cavan,A-League Division 1,2024,Lacken GAA,12,0,0,12,98,230,-132,0,lacken celtic,53.920851,-7.426256
Cavan,A-League Division 2,2024,Killygarry GAA Club/CLG Coill an Gharraí,13,11,2,0,270,177,93,24,killygarry,53.964688,-7.318857
Cavan,A-League Division 2,2024,Lavey,13,11,0,2,168,133,35,22,erins own lavey,53.901499,-7.17445
Cavan,A-League Division 2,2024,Killinkere CLG,13,9,0,4,204,175,29,18,killinkere,53.885481,-7.050346
Cavan,A-League Division 2,2024,Ballinagh GAA,13,8,1,4,205,168,37,17,ballinagh,53.930673,-7.412008
Cavan,A-League Division 2,2024,Butlersbridge G.A.A,13,7,2,4,188,178,10,16,butlersbridge,54.047954,-7.375035
Cavan,A-League Division 2,2024,Cornafean,13,6,3,4,196,162,34,15,cornafean,53.9504,-7.49461
Cavan,A-League Division 2,2024,Cootehill Celtic GAA,13,5,4,4,171,160,11,14,cootehill celtic,54.072479,-7.079643
Cavan,A-League Division 2,2024,Ballymachugh,13,6,0,7,180,200,-20,12,ballymachugh,53.835841,-7.353148
Cavan,A-League Division 2,2024,Drumlane,13,5,1,7,162,163,-1,11,drumlane,54.068624,-7.478328
Cavan,A-League Division 2,2024,Drumgoon,13,4,2,7,155,175,-20,10,drumgoon éire óg,54.04294,-7.018316
Cavan,A-League Division 2,2024,Searcóg/Shercock,13,3,2,8,155,204,-49,8,shercock,53.980313,-6.88016
Cavan,A-League Division 2,2024,Belturbet Rory O'Moores,13,3,1,9,178,201,-23,7,belturbet rory omoores,54.099878,-7.438112
Cavan,A-League Division 2,2024,Denn,13,3,0,10,165,202,-37,6,denn,53.920235,-7.264607
Cavan,A-League Division 2,2024,Templeport St. Aidan's GAA,13,1,0,12,160,259,-99,2,st aidans templeport,54.121966,-7.674415
Cavan,A-League Division 3,2024,Bailieborough,11,9,1,1,216,110,106,19,bailieborough shamrocks,53.925765,-6.969827
Cavan,A-League Division 3,2024,Munterconnaught,12,9,0,3,200,151,49,18,munterconnacht,53.793504,-7.066725
Cavan,A-League Division 3,2024,Redhills,12,9,0,3,190,145,45,18,redhills,54.099834,-7.32191
Cavan,A-League Division 3,2024,Drumalee,12,8,0,4,164,147,17,16,drumalee,53.997988,-7.352844
Cavan,A-League Division 3,2024,Kill Shamrocks GAA,12,8,0,4,246,120,126,16,kill shamrocks,54.054796,-7.135233
Cavan,A-League Division 3,2024,Drung,11,7,1,3,162,131,31,15,drung dalcassians,54.068864,-7.225342
Cavan,A-League Division 3,2024,"St Mary's GAA, Swanlinbar",11,4,1,6,186,180,6,9,st marys swanlinbar,54.192078,-7.704567
Cavan,A-League Division 3,2024,Mountnugent,11,4,0,7,173,216,-43,8,mountnugent,53.805934,-7.219515
Cavan,A-League Division 3,2024,Shannon Gaels,11,3,1,7,125,186,-61,7,shannon gaels,54.289898,-7.866955
Cavan,A-League Division 3,2024,Kildallan,11,3,0,8,153,197,-44,6,kildallan,54.119597,-7.584639
Cavan,A-League Division 3,2024,Killeshandra,11,2,0,9,120,219,-99,4,killeshandra leaguers,54.011024,-7.526885
Cavan,A-League Division 3,2024,Maghera MacFinns,11,0,0,11,65,198,-133,0,maghera macfinns,53.800467,-7.039934
Cavan,B-League Division 1,2024,Crosserlough,11,9,1,1,233,146,87,19,crosserlough,53.861975,-7.316331
Cavan,B-League Division 1,2024,Kingscourt Stars,11,8,1,2,188,129,59,17,kingscourt stars,53.907118,-6.801545
Cavan,B-League Division 1,2024,Ballyhaise,11,7,2,2,197,152,45,16,ballyhaise,54.046253,-7.314709
Cavan,B-League Division 1,2024,Cavan Gaels,11,7,1,3,242,182,60,15,cavan gaels,53.988038,-7.363122
Cavan,B-League Division 1,2024,Killygarry GAA Club/CLG Coill an Gharraí,10,6,1,3,236,188,48,13,killygarry,53.964688,-7.318857
Cavan,B-League Division 1,2024,Knockbride,11,6,0,5,161,159,2,12,knockbride,53.977897,-7.057976
Cavan,B-League Division 1,2024,Ballinagh GAA,11,5,1,5,151,152,-1,11,ballinagh,53.930673,-7.412008
Cavan,B-League Division 1,2024,Laragh Utd,11,4,1,6,118,179,-61,9,laragh united,53.983051,-7.237147
Cavan,B-League Division 1,2024,Ramor United,11,4,1,6,172,188,-16,9,ramor united,53.830296,-7.070488
Cavan,B-League Division 1,2024,Mullahoran GFC,11,3,0,8,93,174,-81,6,mullahoran dreadnoughts,53.835173,-7.439166
Cavan,B-League Division 1,2024,Lacken GAA,11,0,2,9,134,212,-78,2,lacken celtic,53.920851,-7.426256
Cavan,B-League Division 1,2024,Castlerahan GAA,10,0,1,9,72,136,-64,1,castlerahan,53.861232,-7.209929
Cavan,B-League Division 2,2024,Gowna,9,9,0,0,162,103,59,18,gowna,53.86601,-7.550067
Cavan,B-League Division 2,2024,Belturbet Rory O'Moores,10,8,0,2,191,134,57,16,belturbet rory omoores,54.099878,-7.438112
Cavan,B-League Division 2,2024,Lavey,10,6,1,3,164,125,39,13,erins own lavey,53.901499,-7.17445
Cavan,B-League Division 2,2024,Butlersbridge G.A.A,10,6,1,3,171,143,28,13,butlersbridge,54.047954,-7.375035
Cavan,B-League Division 2,2024,CLG Cuchulainn,9,6,0,3,111,152,-41,12,cuchulainns,53.808693,-6.938897
Cavan,B-League Division 2,2024,Killinkere CLG,10,5,1,4,92,108,-16,11,killinkere,53.885481,-7.050346
Cavan,B-League Division 2,2024,Cornafean,10,5,0,5,107,127,-20,10,cornafean,53.9504,-7.49461
Cavan,B-League Division 2,2024,Bailieborough,10,4,1,5,93,113,-20,9,bailieborough shamrocks,53.925765,-6.969827
Cavan,B-League Division 2,2024,Templeport St. Aidan's GAA,10,2,0,8,92,178,-86,4,st aidans templeport,54.121966,-7.674415
Cavan,B-League Division 2,2024,Ballymachugh,10,1,0,9,0,0,0,2,ballymachugh,53.835841,-7.353148
Cavan,B-League Division 2,2024,Cootehill Celtic GAA,10,0,0,10,0,0,0,0,cootehill celtic,54.072479,-7.079643
Cavan,B-League Division 3,2024,Kill Shamrocks GAA,12,10,0,2,195,148,47,20,kill shamrocks,54.054796,-7.135233
Cavan,B-League Division 3,2024,Crosserlough,11,10,0,1,175,138,37,20,crosserlough,53.861975,-7.316331
Cavan,B-League Division 3,2024,Drumlane,12,9,1,2,166,153,13,19,drumlane,54.068624,-7.478328
Cavan,B-League Division 3,2024,Denn,12,7,1,4,182,136,46,15,denn,53.920235,-7.264607
Cavan,B-League Division 3,2024,Corlough,12,6,1,5,181,163,18,13,corlough,54.118056,-7.747799
Cavan,B-League Division 3,2024,Arva,10,6,0,4,247,202,45,12,st patricks arva,53.92166,-7.57887
Cavan,B-League Division 3,2024,Drumgoon,12,6,0,6,138,180,-42,12,drumgoon éire óg,54.04294,-7.018316
Cavan,B-League Division 3,2024,Killeshandra,12,4,0,8,206,214,-8,8,killeshandra leaguers,54.011024,-7.526885
Cavan,B-League Division 3,2024,Redhills,10,3,2,5,136,162,-26,8,redhills,54.099834,-7.32191
Cavan,B-League Division 3,2024,Drung,10,4,0,6,89,123,-34,8,drung dalcassians,54.068864,-7.225342
Cavan,B-League Division 3,2024,Drumalee,12,3,1,8,163,195,-32,7,drumalee,53.997988,-7.352844
Cavan,B-League Division 3,2024,Munterconnaught,11,3,0,8,61,121,-60,6,munterconnacht,53.793504,-7.066725
Cavan,B-League Division 3,2024,Mountnugent,12,0,0,12,25,29,-4,0,mountnugent,53.805934,-7.219515
Cavan,A-League Division 1,2023,Crosserlough,12,10,2,0,270,131,139,22,crosserlough,53.861975,-7.316331
Cavan,A-League Division 1,2023,Ramor United,12,9,0,3,177,163,14,18,ramor united,53.830296,-7.070488
Cavan,A-League Division 1,2023,Kingscourt Stars,12,7,3,2,186,157,29,17,kingscourt stars,53.907118,-6.801545
Cavan,A-League Division 1,2023,Gowna,12,6,4,2,186,161,25,16,gowna,53.86601,-7.550067
Cavan,A-League Division 1,2023,Cavan Gaels,12,6,2,4,181,164,17,14,cavan gaels,53.988038,-7.363122
Cavan,A-League Division 1,2023,Mullahoran GFC,12,5,2,5,159,149,10,12,mullahoran dreadnoughts,53.835173,-7.439166
Cavan,A-League Division 1,2023,Laragh Utd,12,5,1,6,179,219,-40,11,laragh united,53.983051,-7.237147
Cavan,A-League Division 1,2023,Ballyhaise,12,4,2,6,184,173,11,10,ballyhaise,54.046253,-7.314709
Cavan,A-League Division 1,2023,Castlerahan GAA,12,4,1,7,132,172,-40,9,castlerahan,53.861232,-7.209929
Cavan,A-League Division 1,2023,Ballinagh GAA,12,4,1,7,162,200,-38,9,ballinagh,53.930673,-7.412008
Cavan,A-League Division 1,2023,Killygarry GAA Club/CLG Coill an Gharraí,12,2,3,7,161,190,-29,7,killygarry,53.964688,-7.318857
Cavan,A-League Division 1,2023,Lacken GAA,12,3,0,9,158,192,-34,6,lacken celtic,53.920851,-7.426256
Cavan,A-League Division 1,2023,Arva,12,2,1,9,170,234,-64,5,st patricks arva,53.92166,-7.57887
Cavan,A-League Division 2,2023,CLG Cuchulainn,13,11,1,1,235,163,72,23,cuchulainns,53.808693,-6.938897
Cavan,A-League Division 2,2023,Cootehill Celtic GAA,13,10,0,3,232,186,46,20,cootehill celtic,54.072479,-7.079643
Cavan,A-League Division 2,2023,Knockbride,13,10,0,3,248,139,109,20,knockbride,53.977897,-7.057976
Cavan,A-League Division 2,2023,Lavey,13,7,2,4,176,147,29,16,erins own lavey,53.901499,-7.17445
Cavan,A-League Division 2,2023,Cornafean,13,7,1,5,208,213,-5,15,cornafean,53.9504,-7.49461
Cavan,A-League Division 2,2023,Killinkere CLG,13,7,0,6,196,193,3,14,killinkere,53.885481,-7.050346
Cavan,A-League Division 2,2023,Drumlane,13,5,3,5,211,189,22,13,drumlane,54.068624,-7.478328
Cavan,A-League Division 2,2023,Butlersbridge G.A.A,13,5,2,6,187,177,10,12,butlersbridge,54.047954,-7.375035
Cavan,A-League Division 2,2023,Templeport St. Aidan's GAA,13,5,2,6,193,203,-10,12,st aidans templeport,54.121966,-7.674415
Cavan,A-League Division 2,2023,Belturbet Rory O'Moores,13,5,2,6,186,203,-17,12,belturbet rory omoores,54.099878,-7.438112
Cavan,A-League Division 2,2023,Ballymachugh,13,5,0,8,182,233,-51,10,ballymachugh,53.835841,-7.353148
Cavan,A-League Division 2,2023,Searcóg/Shercock,13,4,0,9,167,212,-45,8,shercock,53.980313,-6.88016
Cavan,A-League Division 2,2023,Bailieborough,13,1,2,10,135,201,-66,4,bailieborough shamrocks,53.925765,-6.969827
Cavan,A-League Division 2,2023,Drumalee,13,1,1,11,146,243,-97,3,drumalee,53.997988,-7.352844
Cavan,A-League Division 3,2023,Drumgoon,12,10,0,2,193,111,82,20,drumgoon éire óg,54.04294,-7.018316
Cavan,A-League Division 3,2023,Denn,12,10,0,2,186,102,84,20,denn,53.920235,-7.264607
Cavan,A-League Division 3,2023,Mountnugent,12,9,1,2,235,128,107,19,mountnugent,53.805934,-7.219515
Cavan,A-League Division 3,2023,Drung,12,7,1,4,163,169,-6,15,drung dalcassians,54.068864,-7.225342
Cavan,A-League Division 3,2023,"St Mary's GAA, Swanlinbar",12,6,1,5,169,133,36,13,st marys swanlinbar,54.192078,-7.704567
Cavan,A-League Division 3,2023,Kill Shamrocks GAA,12,6,1,5,174,156,18,13,kill shamrocks,54.054796,-7.135233
Cavan,A-League Division 3,2023,Shannon Gaels,12,6,1,5,178,165,13,13,shannon gaels,54.289898,-7.866955
Cavan,A-League Division 3,2023,Redhills,12,6,1,5,153,161,-8,13,redhills,54.099834,-7.32191
Cavan,A-League Division 3,2023,Munterconnaught,12,6,0,6,168,164,4,12,munterconnacht,53.793504,-7.066725
Cavan,A-League Division 3,2023,Killeshandra,12,4,2,6,153,204,-51,10,killeshandra leaguers,54.011024,-7.526885
Cavan,A-League Division 3,2023,Maghera MacFinns,12,1,1,10,118,198,-80,3,maghera macfinns,53.800467,-7.039934
Cavan,A-League Division 3,2023,Kildallan,12,1,1,10,98,208,-110,3,kildallan,54.119597,-7.584639
Cavan,A-League Division 3,2023,Corlough,12,1,0,11,114,203,-89,2,corlough,54.118056,-7.747799
Cavan,B-League Division 1,2023,Laragh Utd,12,10,1,1,204,168,36,21,laragh united,53.983051,-7.237147
Cavan,B-League Division 1,2023,Kingscourt Stars,12,10,1,1,206,136,70,21,kingscourt stars,53.907118,-6.801545
Cavan,B-League Division 1,2023,Crosserlough,12,10,0,2,244,153,91,20,crosserlough,53.861975,-7.316331
Cavan,B-League Division 1,2023,Cavan Gaels,12,7,0,5,230,161,69,14,cavan gaels,53.988038,-7.363122
Cavan,B-League Division 1,2023,Mullahoran GFC,11,6,0,5,214,166,48,12,mullahoran dreadnoughts,53.835173,-7.439166
Cavan,B-League Division 1,2023,Ballyhaise,12,6,0,6,186,223,-37,12,ballyhaise,54.046253,-7.314709
Cavan,B-League Division 1,2023,Lacken GAA,12,5,0,7,193,197,-4,10,lacken celtic,53.920851,-7.426256
Cavan,B-League Division 1,2023,Ramor United,11,4,1,6,232,215,17,9,ramor united,53.830296,-7.070488
Cavan,B-League Division 1,2023,Ballinagh GAA,12,4,1,7,165,167,-2,9,ballinagh,53.930673,-7.412008
Cavan,B-League Division 1,2023,Castlerahan GAA,12,4,1,7,105,183,-78,9,castlerahan,53.861232,-7.209929
Cavan,B-League Division 1,2023,Killygarry GAA Club/CLG Coill an Gharraí,11,3,2,6,157,181,-24,8,killygarry,53.964688,-7.318857
Cavan,B-League Division 1,2023,CLG Cuchulainn,12,3,1,8,179,253,-74,7,cuchulainns,53.808693,-6.938897
Cavan,B-League Division 1,2023,Belturbet Rory O'Moores,11,0,0,11,103,215,-112,0,belturbet rory omoores,54.099878,-7.438112
Cavan,B-League Division 2,2023,Knockbride,8,5,2,1,155,111,44,12,knockbride,53.977897,-7.057976
Cavan,B-League Division 2,2023,Cornafean,8,6,0,2,165,135,30,12,cornafean,53.9504,-7.49461
Cavan,B-League Division 2,2023,Gowna,8,5,0,3,136,129,7,10,gowna,53.86601,-7.550067
Cavan,B-League Division 2,2023,Lavey,8,4,1,3,121,121,0,9,erins own lavey,53.901499,-7.17445
Cavan,B-League Division 2,2023,Butlersbridge G.A.A,8,4,1,3,149,138,11,9,butlersbridge,54.047954,-7.375035
Cavan,B-League Division 2,2023,Bailieborough,8,4,0,4,107,110,-3,8,bailieborough shamrocks,53.925765,-6.969827
Cavan,B-League Division 2,2023,Templeport St. Aidan's GAA,8,3,0,5,127,136,-9,6,st aidans templeport,54.121966,-7.674415
Cavan,B-League Division 2,2023,Killinkere CLG,8,1,2,5,125,154,-29,4,killinkere,53.885481,-7.050346
Cavan,B-League Division 2,2023,Drumlane,8,1,0,7,81,132,-51,2,drumlane,54.068624,-7.478328
Cavan,B-League Division 3,2023,Cootehill Celtic GAA,10,10,0,0,157,103,54,20,cootehill celtic,54.072479,-7.079643
Cavan,B-League Division 3,2023,Ballymachugh,10,9,0,1,162,117,45,18,ballymachugh,53.835841,-7.353148
Cavan,B-League Division 3,2023,Drumgoon,10,6,1,3,150,140,10,13,drumgoon éire óg,54.04294,-7.018316
Cavan,B-League Division 3,2023,Ballyhaise,10,6,0,4,136,139,-3,12,ballyhaise,54.046253,-7.314709
Cavan,B-League Division 3,2023,Crosserlough,10,5,2,3,122,123,-1,12,crosserlough,53.861975,-7.316331
Cavan,B-League Division 3,2023,Kill Shamrocks GAA,10,5,0,5,144,153,-9,10,kill shamrocks,54.054796,-7.135233
Cavan,B-League Division 3,2023,Denn,10,4,1,5,121,125,-4,9,denn,53.920235,-7.264607
Cavan,B-League Division 3,2023,Arva,10,3,0,7,165,147,18,6,st patricks arva,53.92166,-7.57887
Cavan,B-League Division 3,2023,Mountnugent,10,3,0,7,98,186,-88,6,mountnugent,53.805934,-7.219515
Cavan,B-League Division 3,2023,Searcóg/Shercock,10,2,0,8,67,67,0,4,shercock,53.980313,-6.88016
Cavan,B-League Division 3,2023,Killeshandra,10,0,0,10,24,46,-22,0,killeshandra leaguers,54.011024,-7.526885
Cavan,A-League Division 1,2022,Ramor United,12,11,1,0,220,127,93,23,ramor united,53.830296,-7.070488
Cavan,A-League Division 1,2022,Crosserlough,12,9,2,1,235,177,58,20,crosserlough,53.861975,-7.316331
Cavan,A-League Division 1,2022,Ballyhaise,12,9,1,2,208,160,48,19,ballyhaise,54.046253,-7.314709
Cavan,A-League Division 1,2022,Cavan Gaels,12,8,1,3,218,154,64,17,cavan gaels,53.988038,-7.363122
Cavan,A-League Division 1,2022,Gowna,12,7,1,4,231,162,69,15,gowna,53.86601,-7.550067
Cavan,A-League Division 1,2022,Castlerahan GAA,12,5,2,5,169,185,-16,12,castlerahan,53.861232,-7.209929
Cavan,A-League Division 1,2022,Ballinagh GAA,12,5,0,7,161,208,-47,10,ballinagh,53.930673,-7.412008
Cavan,A-League Division 1,2022,Lacken GAA,12,5,0,7,163,204,-41,10,lacken celtic,53.920851,-7.426256
Cavan,A-League Division 1,2022,Kingscourt Stars,12,4,1,7,174,190,-16,9,kingscourt stars,53.907118,-6.801545
Cavan,A-League Division 1,2022,Laragh Utd,12,3,2,7,171,198,-27,8,laragh united,53.983051,-7.237147
Cavan,A-League Division 1,2022,Killinkere CLG,12,3,1,8,202,255,-53,7,killinkere,53.885481,-7.050346
Cavan,A-League Division 1,2022,Killygarry GAA Club/CLG Coill an Gharraí,12,2,1,9,160,210,-50,5,killygarry,53.964688,-7.318857
Cavan,A-League Division 1,2022,Cootehill Celtic GAA,12,0,1,11,139,221,-82,1,cootehill celtic,54.072479,-7.079643
Cavan,A-League Division 2,2022,Arva,13,8,1,4,217,146,71,17,st patricks arva,53.92166,-7.57887
Cavan,A-League Division 2,2022,Mullahoran GFC,13,8,1,4,185,153,32,17,mullahoran dreadnoughts,53.835173,-7.439166
Cavan,A-League Division 2,2022,Drumlane,13,8,1,4,185,160,25,17,drumlane,54.068624,-7.478328
Cavan,A-League Division 2,2022,Cornafean,13,7,2,4,232,190,42,16,cornafean,53.9504,-7.49461
Cavan,A-League Division 2,2022,Butlersbridge G.A.A,13,7,2,4,198,197,1,16,butlersbridge,54.047954,-7.375035
Cavan,A-League Division 2,2022,Lavey,13,8,0,5,187,192,-5,16,erins own lavey,53.901499,-7.17445
Cavan,A-League Division 2,2022,Belturbet Rory O'Moores,13,7,1,5,163,145,18,15,belturbet rory omoores,54.099878,-7.438112
Cavan,A-League Division 2,2022,CLG Cuchulainn,13,6,2,5,187,165,22,14,cuchulainns,53.808693,-6.938897
Cavan,A-League Division 2,2022,Searcóg/Shercock,13,6,1,6,178,205,-27,13,shercock,53.980313,-6.88016
Cavan,A-League Division 2,2022,Bailieborough,13,5,2,6,149,154,-5,12,bailieborough shamrocks,53.925765,-6.969827
Cavan,A-League Division 2,2022,Knockbride,13,5,0,8,192,212,-20,10,knockbride,53.977897,-7.057976
Cavan,A-League Division 2,2022,Drumgoon,13,4,1,8,171,214,-43,9,drumgoon éire óg,54.04294,-7.018316
Cavan,A-League Division 2,2022,Ballymachugh,13,3,1,9,144,214,-70,7,ballymachugh,53.835841,-7.353148
Cavan,A-League Division 2,2022,Denn,13,1,1,11,128,169,-41,3,denn,53.920235,-7.264607
Cavan,A-League Division 3,2022,Templeport St. Aidan's GAA,13,13,0,0,229,93,136,26,st aidans templeport,54.121966,-7.674415
Cavan,A-League Division 3,2022,Drumalee,13,10,2,1,191,153,38,22,drumalee,53.997988,-7.352844
Cavan,A-League Division 3,2022,Munterconnaught,13,10,1,2,209,148,61,21,munterconnacht,53.793504,-7.066725
Cavan,A-League Division 3,2022,Kill Shamrocks GAA,13,8,2,3,210,147,63,18,kill shamrocks,54.054796,-7.135233
Cavan,A-League Division 3,2022,Redhills,13,9,0,4,230,154,76,18,redhills,54.099834,-7.32191
Cavan,A-League Division 3,2022,Drung,13,7,2,4,168,174,-6,16,drung dalcassians,54.068864,-7.225342
Cavan,A-League Division 3,2022,Mountnugent,13,7,1,5,238,205,33,15,mountnugent,53.805934,-7.219515
Cavan,A-League Division 3,2022,Killeshandra,13,6,0,7,150,173,-23,12,killeshandra leaguers,54.011024,-7.526885
Cavan,A-League Division 3,2022,"St Mary's GAA, Swanlinbar",13,4,1,8,136,198,-62,9,st marys swanlinbar,54.192078,-7.704567
Cavan,A-League Division 3,2022,Corlough,13,4,0,9,162,203,-41,8,corlough,54.118056,-7.747799
Cavan,A-League Division 3,2022,Kildallan G.A.A. Club,13,3,1,9,149,223,-74,7,kildallan,54.119597,-7.584639
Cavan,A-League Division 3,2022,Shannon Gaels,13,3,0,10,154,178,-24,6,shannon gaels,54.289898,-7.866955
Cavan,A-League Division 3,2022,Killygarry GAA Club/CLG Coill an Gharraí,13,2,0,11,123,191,-68,4,killygarry,53.964688,-7.318857
Cavan,A-League Division 3,2022,Maghera MacFinns,13,0,0,13,157,266,-109,0,maghera macfinns,53.800467,-7.039934
Cavan,B-League Division 1,2022,Ramor United,10,10,0,0,231,92,139,20,ramor united,53.830296,-7.070488
Cavan,B-League Division 1,2022,Kingscourt Stars,10,8,0,2,223,169,54,16,kingscourt stars,53.907118,-6.801545
Cavan,B-League Division 1,2022,Laragh Utd,10,6,0,4,211,168,43,12,laragh united,53.983051,-7.237147
Cavan,B-League Division 1,2022,CLG Cuchulainn,10,5,0,5,138,135,3,10,cuchulainns,53.808693,-6.938897
Cavan,B-League Division 1,2022,Lacken GAA,10,5,0,5,143,167,-24,10,lacken celtic,53.920851,-7.426256
Cavan,B-League Division 1,2022,Ballyhaise,10,4,1,5,150,163,-13,9,ballyhaise,54.046253,-7.314709
Cavan,B-League Division 1,2022,Ballinagh GAA,10,4,1,5,129,172,-43,9,ballinagh,53.930673,-7.412008
Cavan,B-League Division 1,2022,Cavan Gaels,10,4,0,6,155,181,-26,8,cavan gaels,53.988038,-7.363122
Cavan,B-League Division 1,2022,Crosserlough,10,4,0,6,136,175,-39,8,crosserlough,53.861975,-7.316331
Cavan,B-League Division 1,2022,Castlerahan GAA,10,4,0,6,101,174,-73,8,castlerahan,53.861232,-7.209929
Cavan,B-League Division 1,2022,Mullahoran GFC,10,0,0,10,27,48,-21,0,mullahoran dreadnoughts,53.835173,-7.439166
Cavan,B-League Division 2,2022,Cornafean,8,7,0,1,184,123,61,14,cornafean,53.9504,-7.49461
Cavan,B-League Division 2,2022,Belturbet Rory O'Moores,8,6,0,2,91,99,-8,12,belturbet rory omoores,54.099878,-7.438112
Cavan,B-League Division 2,2022,Gowna,8,6,0,2,116,89,27,12,gowna,53.86601,-7.550067
Cavan,B-League Division 2,2022,Killinkere CLG,8,4,1,3,121,108,13,9,killinkere,53.885481,-7.050346
Cavan,B-League Division 2,2022,Knockbride,8,4,0,4,174,172,2,8,knockbride,53.977897,-7.057976
Cavan,B-League Division 2,2022,Drumlane,8,4,0,4,140,125,15,8,drumlane,54.068624,-7.478328
Cavan,B-League Division 2,2022,Bailieborough,8,3,1,4,129,137,-8,7,bailieborough shamrocks,53.925765,-6.969827
Cavan,B-League Division 2,2022,Drumgoon,8,1,0,7,57,147,-90,2,drumgoon éire óg,54.04294,-7.018316
Cavan,B-League Division 2,2022,Denn,8,0,0,8,38,50,-12,0,denn,53.920235,-7.264607
Cavan,B-League Division 3,2022,Butlersbridge G.A.A,11,9,0,2,155,97,58,18,butlersbridge,54.047954,-7.375035
Cavan,B-League Division 3,2022,Lavey,9,7,0,2,138,119,19,14,erins own lavey,53.901499,-7.17445
Cavan,B-League Division 3,2022,Crosserlough,10,6,1,3,124,136,-12,13,crosserlough,53.861975,-7.316331
Cavan,B-League Division 3,2022,Arva,10,6,0,4,106,119,-13,12,st patricks arva,53.92166,-7.57887
Cavan,B-League Division 3,2022,Cootehill Celtic GAA,9,5,1,3,134,91,43,11,cootehill celtic,54.072479,-7.079643
Cavan,B-League Division 3,2022,Templeport St. Aidan's GAA,9,5,0,4,117,98,19,10,st aidans templeport,54.121966,-7.674415
Cavan,B-League Division 3,2022,CLG Cuchulainn,8,4,0,4,121,134,-13,8,cuchulainns,53.808693,-6.938897
Cavan,B-League Division 3,2022,Shannon Gaels,7,2,0,5,0,0,0,4,shannon gaels,54.289898,-7.866955
Cavan,B-League Division 3,2022,Killeshandra,8,2,0,6,32,55,-23,4,killeshandra leaguers,54.011024,-7.526885
Cavan,B-League Division 3,2022,Ballyhaise,8,2,0,6,112,150,-38,4,ballyhaise,54.046253,-7.314709
Cavan,B-League Division 3,2022,Ballymachugh,6,1,0,5,24,53,-29,2,ballymachugh,53.835841,-7.353148
Cavan,B-League Division 3,2022,Redhills,2,0,0,2,0,0,0,0,redhills,54.099834,-7.32191
Cavan,B-League Division 3,2022,Kildallan G.A.A. Club,3,0,0,3,14,25,-11,0,kildallan,54.119597,-7.584639
Cavan,A-League Division 1 A,2021,Cavan Gaels,5,4,0,1,103,76,27,8,cavan gaels,53.988038,-7.363122
Cavan,A-League Division 1 A,2021,Ramor United,5,3,0,2,84,69,15,6,ramor united,53.830296,-7.070488
Cavan,A-League Division 1 A,2021,Crosserlough,5,3,0,2,88,75,13,6,crosserlough,53.861975,-7.316331
Cavan,A-League Division 1 A,2021,Ballyhaise,5,3,0,2,78,78,0,6,ballyhaise,54.046253,-7.314709
Cavan,A-League Division 1 A,2021,Kingscourt Stars,5,2,0,3,80,84,-4,4,kingscourt stars,53.907118,-6.801545
Cavan,A-League Division 1 A,2021,Killinkere CLG,5,0,0,5,69,120,-51,0,killinkere,53.885481,-7.050346
Cavan,A-League Division 1 B,2021,Ballinagh GAA,5,4,0,1,99,79,20,8,ballinagh,53.930673,-7.412008
Cavan,A-League Division 1 B,2021,Castlerahan GAA,5,4,0,1,89,71,18,8,castlerahan,53.861232,-7.209929
Cavan,A-League Division 1 B,2021,Gowna,5,3,0,2,86,74,12,6,gowna,53.86601,-7.550067
Cavan,A-League Division 1 B,2021,Cootehill Celtic GAA,5,2,0,3,75,92,-17,4,cootehill celtic,54.072479,-7.079643
Cavan,A-League Division 1 B,2021,Killygarry GAA Club/CLG Coill an Gharraí,5,2,0,3,76,84,-8,4,killygarry,53.964688,-7.318857
Cavan,A-League Division 1 B,2021,Lacken GAA,5,0,0,5,59,84,-25,0,lacken celtic,53.920851,-7.426256
Cavan,A-League Division 2 A,2021,CLG Cuchulainn,6,6,0,0,107,66,41,12,cuchulainns,53.808693,-6.938897
Cavan,A-League Division 2 A,2021,Searcóg/Shercock,6,4,1,1,99,85,14,9,shercock,53.980313,-6.88016
Cavan,A-League Division 2 A,2021,Laragh Utd,6,4,0,2,98,71,27,8,laragh united,53.983051,-7.237147
Cavan,A-League Division 2 A,2021,Butlersbridge G.A.A,6,3,0,3,115,79,36,6,butlersbridge,54.047954,-7.375035
Cavan,A-League Division 2 A,2021,Belturbet Rory O'Moores,6,1,1,4,59,84,-25,3,belturbet rory omoores,54.099878,-7.438112
Cavan,A-League Division 2 A,2021,Denn,6,1,1,4,51,69,-18,3,denn,53.920235,-7.264607
Cavan,A-League Division 2 A,2021,Arva,6,0,1,5,47,122,-75,1,st patricks arva,53.92166,-7.57887
Cavan,A-League Division 2 B,2021,Lavey,6,4,1,1,89,70,19,9,erins own lavey,53.901499,-7.17445
Cavan,A-League Division 2 B,2021,Knockbride,6,4,0,2,69,70,-1,8,knockbride,53.977897,-7.057976
Cavan,A-League Division 2 B,2021,Mullahoran GFC,6,3,0,3,86,74,12,6,mullahoran dreadnoughts,53.835173,-7.439166
Cavan,A-League Division 2 B,2021,Cornafean,6,2,1,3,87,93,-6,5,cornafean,53.9504,-7.49461
Cavan,A-League Division 2 B,2021,Ballymachugh,6,2,1,3,72,88,-16,5,ballymachugh,53.835841,-7.353148
Cavan,A-League Division 2 B,2021,Bailieborough,5,2,0,3,81,78,3,4,bailieborough shamrocks,53.925765,-6.969827
Cavan,A-League Division 2 B,2021,Drumgoon,5,0,3,2,71,82,-11,3,drumgoon éire óg,54.04294,-7.018316
Cavan,A-League Division 3 A,2021,Killeshandra,6,6,0,0,100,66,34,12,killeshandra leaguers,54.011024,-7.526885
Cavan,A-League Division 3 A,2021,Drung,6,4,1,1,110,70,40,9,drung dalcassians,54.068864,-7.225342
Cavan,A-League Division 3 A,2021,Redhills,6,4,1,1,74,65,9,9,redhills,54.099834,-7.32191
Cavan,A-League Division 3 A,2021,Munterconnaught,6,3,0,3,93,93,0,6,munterconnacht,53.793504,-7.066725
Cavan,A-League Division 3 A,2021,Mountnugent,6,1,0,5,91,95,-4,2,mountnugent,53.805934,-7.219515
Cavan,A-League Division 3 A,2021,Kildallan G.A.A. Club,6,1,0,5,72,86,-14,2,kildallan,54.119597,-7.584639
Cavan,A-League Division 3 A,2021,Killygarry GAA Club/CLG Coill an Gharraí,6,1,0,5,43,108,-65,2,killygarry,53.964688,-7.318857
Cavan,A-League Division 3 B,2021,Drumlane,6,6,0,0,143,60,83,12,drumlane,54.068624,-7.478328
Cavan,A-League Division 3 B,2021,Templeport St. Aidan's GAA,6,5,0,1,103,82,21,10,st aidans templeport,54.121966,-7.674415
Cavan,A-League Division 3 B,2021,Kill Shamrocks GAA,6,4,0,2,93,94,-1,8,kill shamrocks,54.054796,-7.135233
Cavan,A-League Division 3 B,2021,"St Mary's GAA, Swanlinbar",6,3,0,3,110,80,30,6,st marys swanlinbar,54.192078,-7.704567
Cavan,A-League Division 3 B,2021,Drumalee,6,2,0,4,96,104,-8,4,drumalee,53.997988,-7.352844
Cavan,A-League Division 3 B,2021,Shannon Gaels,6,1,0,5,91,124,-33,2,shannon gaels,54.289898,-7.866955
Cavan,A-League Division 3 B,2021,Maghera MacFinns,6,0,0,6,36,128,-92,0,maghera macfinns,53.800467,-7.039934
Cavan,B-League Division 1 A,2021,Ramor United,5,5,0,0,88,67,21,10,ramor united,53.830296,-7.070488
Cavan,B-League Division 1 A,2021,Crosserlough,5,4,0,1,84,59,25,8,crosserlough,53.861975,-7.316331
Cavan,B-League Division 1 A,2021,Ballyhaise,5,3,0,2,60,59,1,6,ballyhaise,54.046253,-7.314709
Cavan,B-League Division 1 A,2021,Kingscourt Stars,5,2,0,3,42,72,-30,4,kingscourt stars,53.907118,-6.801545
Cavan,B-League Division 1 A,2021,Knockbride,5,1,0,4,25,42,-17,2,knockbride,53.977897,-7.057976
Cavan,B-League Division 1 A,2021,Cavan Gaels,5,0,0,5,0,0,0,0,cavan gaels,53.988038,-7.363122
Cavan,B-League Division 1 B,2021,Mullahoran GFC,5,4,1,0,130,79,51,9,mullahoran dreadnoughts,53.835173,-7.439166
Cavan,B-League Division 1 B,2021,CLG Cuchulainn,5,4,0,1,126,94,32,8,cuchulainns,53.808693,-6.938897
Cavan,B-League Division 1 B,2021,Ballinagh GAA,5,2,1,2,75,89,-14,5,ballinagh,53.930673,-7.412008
Cavan,B-League Division 1 B,2021,Lacken GAA,5,2,0,3,58,59,-1,4,lacken celtic,53.920851,-7.426256
Cavan,B-League Division 1 B,2021,Castlerahan GAA,5,2,0,3,84,115,-31,4,castlerahan,53.861232,-7.209929
Cavan,B-League Division 1 B,2021,Bailieborough,5,0,0,5,80,117,-37,0,bailieborough shamrocks,53.925765,-6.969827
Cavan,B-League Division 2,2021,Cornafean,9,7,2,0,143,105,38,16,cornafean,53.9504,-7.49461
Cavan,B-League Division 2,2021,Laragh Utd,8,5,1,2,143,89,54,11,laragh united,53.983051,-7.237147
Cavan,B-League Division 2,2021,Gowna,8,5,1,2,111,118,-7,11,gowna,53.86601,-7.550067
Cavan,B-League Division 2,2021,Drumlane,9,5,0,4,83,100,-17,10,drumlane,54.068624,-7.478328
Cavan,B-League Division 2,2021,Drumalee,8,4,0,4,84,72,12,8,drumalee,53.997988,-7.352844
Cavan,B-League Division 2,2021,Belturbet Rory O'Moores,8,4,0,4,134,130,4,8,belturbet rory omoores,54.099878,-7.438112
Cavan,B-League Division 2,2021,Killinkere CLG,8,4,0,4,103,114,-11,8,killinkere,53.885481,-7.050346
Cavan,B-League Division 2,2021,Denn,8,1,0,7,41,96,-55,2,denn,53.920235,-7.264607
Cavan,B-League Division 2,2021,Drumgoon,8,0,0,8,10,28,-18,0,drumgoon éire óg,54.04294,-7.018316
Cavan,B-League Division 3 A,2021,Munterconnaught,5,5,0,0,44,16,28,10,munterconnacht,53.793504,-7.066725
Cavan,B-League Division 3 A,2021,Redhills,6,5,0,1,69,79,-10,10,redhills,54.099834,-7.32191
Cavan,B-League Division 3 A,2021,Kildallan G.A.A. Club,5,3,1,1,94,87,7,7,kildallan,54.119597,-7.584639
Cavan,B-League Division 3 A,2021,Killeshandra,6,2,0,4,75,62,13,4,killeshandra leaguers,54.011024,-7.526885
Cavan,B-League Division 3 A,2021,Mountnugent,6,2,0,4,83,109,-26,4,mountnugent,53.805934,-7.219515
Cavan,B-League Division 3 A,2021,CLG Cuchulainn,6,1,1,4,120,113,7,3,cuchulainns,53.808693,-6.938897
Cavan,B-League Division 3 A,2021,Drung,6,1,0,5,46,65,-19,2,drung dalcassians,54.068864,-7.225342
Cavan,B-League Division 3 B,2021,Ballyhaise,6,4,2,0,57,53,4,10,ballyhaise,54.046253,-7.314709
Cavan,B-League Division 3 B,2021,Templeport St. Aidan's GAA,6,5,0,1,88,54,34,10,st aidans templeport,54.121966,-7.674415
Cavan,B-League Division 3 B,2021,Butlersbridge G.A.A,6,4,1,1,100,64,36,9,butlersbridge,54.047954,-7.375035
Cavan,B-League Division 3 B,2021,Lavey,6,3,0,3,54,79,-25,6,erins own lavey,53.901499,-7.17445
Cavan,B-League Division 3 B,2021,Cootehill Celtic GAA,6,2,0,4,43,92,-49,4,cootehill celtic,54.072479,-7.079643
Cavan,B-League Division 3 B,2021,Ballymachugh,6,1,1,4,17,17,0,3,ballymachugh,53.835841,-7.353148
Cavan,B-League Division 3 B,2021,Arva,6,0,0,6,0,0,0,0,st patricks arva,53.92166,-7.57887
Cavan,A-League Division 1,2019,Ramor United,11,8,3,0,192,126,66,19,ramor united,53.830296,-7.070488
Cavan,A-League Division 1,2019,Gowna,11,7,1,3,163,151,12,15,gowna,53.86601,-7.550067
Cavan,A-League Division 1,2019,Castlerahan GAA,11,6,3,2,192,163,29,15,castlerahan,53.861232,-7.209929
Cavan,A-League Division 1,2019,Cavan Gaels,11,6,1,4,234,161,73,13,cavan gaels,53.988038,-7.363122
Cavan,A-League Division 1,2019,Crosserlough,11,5,3,3,193,173,20,13,crosserlough,53.861975,-7.316331
Cavan,A-League Division 1,2019,Cootehill Celtic GAA,11,5,1,5,161,186,-25,11,cootehill celtic,54.072479,-7.079643
Cavan,A-League Division 1,2019,Kingscourt Stars,11,5,1,5,165,176,-11,11,kingscourt stars,53.907118,-6.801545
Cavan,A-League Division 1,2019,Ballinagh GAA,11,3,4,4,177,185,-8,10,ballinagh,53.930673,-7.412008
Cavan,A-League Division 1,2019,Killygarry GAA Club/CLG Coill an Gharraí,11,4,0,7,160,187,-27,8,killygarry,53.964688,-7.318857
Cavan,A-League Division 1,2019,Laragh Utd,11,4,0,7,179,192,-13,8,laragh united,53.983051,-7.237147
Cavan,A-League Division 1,2019,Lacken GAA,11,3,1,7,155,177,-22,7,lacken celtic,53.920851,-7.426256
Cavan,A-League Division 1,2019,Mullahoran GFC,11,0,2,9,117,211,-94,2,mullahoran dreadnoughts,53.835173,-7.439166
Cavan,A-League Division 2,2019,Killinkere CLG,13,10,0,3,227,180,47,20,killinkere,53.885481,-7.050346
Cavan,A-League Division 2,2019,Ballyhaise,13,9,2,2,219,176,43,20,ballyhaise,54.046253,-7.314709
Cavan,A-League Division 2,2019,Bailieborough,13,9,0,4,237,204,33,18,bailieborough shamrocks,53.925765,-6.969827
Cavan,A-League Division 2,2019,Lavey,13,8,0,5,215,214,1,16,erins own lavey,53.901499,-7.17445
Cavan,A-League Division 2,2019,CLG Cuchulainn,13,6,3,4,222,208,14,15,cuchulainns,53.808693,-6.938897
Cavan,A-League Division 2,2019,Denn,13,7,1,5,191,200,-9,15,denn,53.920235,-7.264607
Cavan,A-League Division 2,2019,Belturbet Rory O'Moores,13,6,2,5,197,176,21,14,belturbet rory omoores,54.099878,-7.438112
Cavan,A-League Division 2,2019,Butlersbridge G.A.A,13,6,1,6,218,219,-1,13,butlersbridge,54.047954,-7.375035
Cavan,A-League Division 2,2019,Cornafean,13,5,2,6,202,213,-11,12,cornafean,53.9504,-7.49461
Cavan,A-League Division 2,2019,Searcóg/Shercock,13,5,0,8,199,198,1,10,shercock,53.980313,-6.88016
Cavan,A-League Division 2,2019,Knockbride,13,4,2,7,208,194,14,10,knockbride,53.977897,-7.057976
Cavan,A-League Division 2,2019,Drumlane,13,3,3,7,162,172,-10,9,drumlane,54.068624,-7.478328
Cavan,A-League Division 2,2019,Arva,13,4,0,9,199,233,-34,8,st patricks arva,53.92166,-7.57887
Cavan,A-League Division 2,2019,"St Mary's GAA, Swanlinbar",13,1,0,12,132,241,-109,2,st marys swanlinbar,54.192078,-7.704567
Cavan,A-League Division 3,2019,Ballymachugh,13,12,0,1,248,144,104,24,ballymachugh,53.835841,-7.353148
Cavan,A-League Division 3,2019,Killeshandra,13,12,0,1,258,134,124,24,killeshandra leaguers,54.011024,-7.526885
Cavan,A-League Division 3,2019,Drumgoon,13,11,0,2,266,156,110,22,drumgoon éire óg,54.04294,-7.018316
Cavan,A-League Division 3,2019,Templeport St. Aidan's GAA,13,8,0,5,250,218,32,16,st aidans templeport,54.121966,-7.674415
Cavan,A-League Division 3,2019,Drung,13,6,3,4,231,198,33,15,drung dalcassians,54.068864,-7.225342
Cavan,A-League Division 3,2019,Shannon Gaels,13,7,1,5,201,203,-2,15,shannon gaels,54.289898,-7.866955
Cavan,A-League Division 3,2019,Redhills,13,5,3,5,201,207,-6,13,redhills,54.099834,-7.32191
Cavan,A-League Division 3,2019,Kildallan G.A.A. Club,13,4,3,6,234,223,11,11,kildallan,54.119597,-7.584639
Cavan,A-League Division 3,2019,Drumalee,13,4,3,6,188,185,3,11,drumalee,53.997988,-7.352844
Cavan,A-League Division 3,2019,Munterconnaught,13,5,0,8,187,217,-30,10,munterconnacht,53.793504,-7.066725
Cavan,A-League Division 3,2019,Kill Shamrocks GAA,13,4,0,9,214,263,-49,8,kill shamrocks,54.054796,-7.135233
Cavan,A-League Division 3,2019,Mountnugent,13,4,0,9,222,231,-9,8,mountnugent,53.805934,-7.219515
Cavan,A-League Division 3,2019,Corlough,13,2,1,10,136,222,-86,5,corlough,54.118056,-7.747799
Cavan,A-League Division 3,2019,Maghera MacFinns,13,0,0,13,106,341,-235,0,maghera macfinns,53.800467,-7.039934
Cavan,B-League Division 1 A,2019,Cavan Gaels,8,6,1,1,187,116,71,13,cavan gaels,53.988038,-7.363122
Cavan,B-League Division 1 A,2019,Lacken GAA,8,6,1,1,185,137,48,13,lacken celtic,53.920851,-7.426256
Cavan,B-League Division 1 A,2019,Crosserlough,7,2,2,3,90,98,-8,6,crosserlough,53.861975,-7.316331
Cavan,B-League Division 1 A,2019,Ballinagh GAA,7,3,0,4,107,134,-27,6,ballinagh,53.930673,-7.412008
Cavan,B-League Division 1 A,2019,Killygarry GAA Club/CLG Coill an Gharraí,8,3,0,5,135,165,-30,6,killygarry,53.964688,-7.318857
Cavan,B-League Division 1 A,2019,Mullahoran GFC,8,2,1,5,145,157,-12,5,mullahoran dreadnoughts,53.835173,-7.439166
Cavan,B-League Division 1 A,2019,Gowna,8,2,1,5,115,157,-42,5,gowna,53.86601,-7.550067
Cavan,B-League Division 1 B,2019,Kingscourt Stars,10,8,0,2,179,130,49,16,kingscourt stars,53.907118,-6.801545
Cavan,B-League Division 1 B,2019,Ramor United,10,7,0,3,190,108,82,14,ramor united,53.830296,-7.070488
Cavan,B-League Division 1 B,2019,Ballyhaise,10,6,0,4,143,136,7,12,ballyhaise,54.046253,-7.314709
Cavan,B-League Division 1 B,2019,CLG Cuchulainn,10,4,0,6,154,190,-36,8,cuchulainns,53.808693,-6.938897
Cavan,B-League Division 1 B,2019,Castlerahan GAA,10,4,0,6,144,184,-40,8,castlerahan,53.861232,-7.209929
Cavan,B-League Division 1 B,2019,Laragh Utd,10,1,0,9,140,202,-62,2,laragh united,53.983051,-7.237147
Cavan,B-League Division 2,2019,Knockbride,7,5,1,1,155,101,54,11,knockbride,53.977897,-7.057976
Cavan,B-League Division 2,2019,Bailieborough,7,5,1,1,170,94,76,11,bailieborough shamrocks,53.925765,-6.969827
Cavan,B-League Division 2,2019,Drumalee,7,5,0,2,162,132,30,10,drumalee,53.997988,-7.352844
Cavan,B-League Division 2,2019,Killinkere CLG,7,4,1,2,158,148,10,9,killinkere,53.885481,-7.050346
Cavan,B-League Division 2,2019,Denn,7,3,1,3,141,105,36,7,denn,53.920235,-7.264607
Cavan,B-League Division 2,2019,Cornafean,7,3,0,4,175,187,-12,6,cornafean,53.9504,-7.49461
Cavan,B-League Division 2,2019,Cootehill Celtic GAA,7,1,0,6,137,223,-86,2,cootehill celtic,54.072479,-7.079643
Cavan,B-League Division 2,2019,Kildallan G.A.A. Club,7,0,0,7,61,169,-108,0,kildallan,54.119597,-7.584639
Cavan,B-League Division 3 A,2019,Belturbet Rory O'Moores,7,7,0,0,154,101,53,14,belturbet rory omoores,54.099878,-7.438112
Cavan,B-League Division 3 A,2019,Drumlane,7,5,0,2,110,101,9,10,drumlane,54.068624,-7.478328
Cavan,B-League Division 3 A,2019,Templeport St. Aidan's GAA,7,3,0,4,115,115,0,6,st aidans templeport,54.121966,-7.674415
Cavan,B-League Division 3 A,2019,Arva,7,3,0,4,127,125,2,6,st patricks arva,53.92166,-7.57887
Cavan,B-League Division 3 A,2019,Killeshandra,7,2,0,5,104,131,-27,4,killeshandra leaguers,54.011024,-7.526885
Cavan,B-League Division 3 A,2019,Shannon Gaels,7,1,0,6,71,108,-37,2,shannon gaels,54.289898,-7.866955
Cavan,B-League Division 3 B,2019,Drumgoon,7,7,0,0,168,83,85,14,drumgoon éire óg,54.04294,-7.018316
Cavan,B-League Division 3 B,2019,Lavey,7,4,0,3,98,115,-17,8,erins own lavey,53.901499,-7.17445
Cavan,B-League Division 3 B,2019,Searcóg/Shercock,7,4,0,3,123,121,2,8,shercock,53.980313,-6.88016
Cavan,B-League Division 3 B,2019,Drung,7,3,0,4,105,101,4,6,drung dalcassians,54.068864,-7.225342
Cavan,B-League Division 3 B,2019,Redhills,7,2,0,5,98,130,-32,4,redhills,54.099834,-7.32191
Cavan,B-League Division 3 B,2019,Ballymachugh,7,1,0,6,86,128,-42,2,ballymachugh,53.835841,-7.353148
Cavan,A-League Division 1,2018,Cavan Gaels,11,10,1,0,202,127,75,21,cavan gaels,53.988038,-7.363122
Cavan,A-League Division 1,2018,Ramor United,11,8,0,3,200,174,26,16,ramor united,53.830296,-7.070488
Cavan,A-League Division 1,2018,Castlerahan GAA,11,7,0,4,172,143,29,14,castlerahan,53.861232,-7.209929
Cavan,A-League Division 1,2018,Lacken GAA,11,5,2,4,163,159,4,12,lacken celtic,53.920851,-7.426256
Cavan,A-League Division 1,2018,Kingscourt Stars,11,6,0,5,155,197,-42,12,kingscourt stars,53.907118,-6.801545
Cavan,A-League Division 1,2018,Ballinagh GAA,11,5,1,5,170,171,-1,11,ballinagh,53.930673,-7.412008
Cavan,A-League Division 1,2018,Gowna,11,5,1,5,172,161,11,11,gowna,53.86601,-7.550067
Cavan,A-League Division 1,2018,Killygarry GAA Club/CLG Coill an Gharraí,11,5,0,6,172,178,-6,10,killygarry,53.964688,-7.318857
Cavan,A-League Division 1,2018,Crosserlough,11,5,0,6,184,175,9,10,crosserlough,53.861975,-7.316331
Cavan,A-League Division 1,2018,Cootehill Celtic GAA,11,3,0,8,155,174,-19,6,cootehill celtic,54.072479,-7.079643
Cavan,A-League Division 1,2018,Arva,11,2,1,8,166,218,-52,5,st patricks arva,53.92166,-7.57887
Cavan,A-League Division 1,2018,CLG Cuchulainn,11,2,0,9,156,190,-34,4,cuchulainns,53.808693,-6.938897
Cavan,A-League Division 2,2018,Mullahoran GFC,13,12,0,1,220,157,63,24,mullahoran dreadnoughts,53.835173,-7.439166
Cavan,A-League Division 2,2018,Laragh Utd,13,11,0,2,237,179,58,22,laragh united,53.983051,-7.237147
Cavan,A-League Division 2,2018,Belturbet Rory O'Moores,13,9,1,3,212,164,48,19,belturbet rory omoores,54.099878,-7.438112
Cavan,A-League Division 2,2018,Lavey,13,7,2,4,231,198,33,16,erins own lavey,53.901499,-7.17445
Cavan,A-League Division 2,2018,Ballyhaise,13,7,1,5,213,205,8,15,ballyhaise,54.046253,-7.314709
Cavan,A-League Division 2,2018,Cornafean,13,5,2,6,197,182,15,12,cornafean,53.9504,-7.49461
Cavan,A-League Division 2,2018,Knockbride,13,5,2,6,196,197,-1,12,knockbride,53.977897,-7.057976
Cavan,A-League Division 2,2018,Bailieborough,13,4,3,6,190,196,-6,11,bailieborough shamrocks,53.925765,-6.969827
Cavan,A-League Division 2,2018,Butlersbridge G.A.A,13,4,3,6,189,217,-28,11,butlersbridge,54.047954,-7.375035
Cavan,A-League Division 2,2018,Searcóg/Shercock,13,5,1,7,179,210,-31,11,shercock,53.980313,-6.88016
Cavan,A-League Division 2,2018,"St Mary's GAA, Swanlinbar",13,4,2,7,226,253,-27,10,st marys swanlinbar,54.192078,-7.704567
Cavan,A-League Division 2,2018,Denn,13,4,2,7,187,218,-31,10,denn,53.920235,-7.264607
Cavan,A-League Division 2,2018,Ballymachugh,13,2,3,8,172,212,-40,7,ballymachugh,53.835841,-7.353148
Cavan,A-League Division 2,2018,Drumalee,13,0,2,11,144,205,-61,2,drumalee,53.997988,-7.352844
Cavan,A-League Division 3,2018,Killinkere CLG,13,11,0,2,281,174,107,22,killinkere,53.885481,-7.050346
Cavan,A-League Division 3,2018,Drumlane,13,9,2,2,240,158,82,20,drumlane,54.068624,-7.478328
Cavan,A-League Division 3,2018,Kildallan G.A.A. Club,13,9,2,2,192,147,45,20,kildallan,54.119597,-7.584639
Cavan,A-League Division 3,2018,Killeshandra,13,9,2,2,205,165,40,20,killeshandra leaguers,54.011024,-7.526885
Cavan,A-League Division 3,2018,Mountnugent,13,8,2,3,212,169,43,18,mountnugent,53.805934,-7.219515
Cavan,A-League Division 3,2018,Drumgoon,13,8,0,5,237,204,33,16,drumgoon éire óg,54.04294,-7.018316
Cavan,A-League Division 3,2018,Redhills,13,5,4,4,213,181,32,14,redhills,54.099834,-7.32191
Cavan,A-League Division 3,2018,Drung,13,5,2,6,164,170,-6,12,drung dalcassians,54.068864,-7.225342
Cavan,A-League Division 3,2018,Munterconnaught,13,5,1,7,211,225,-14,11,munterconnacht,53.793504,-7.066725
Cavan,A-League Division 3,2018,Kill Shamrocks GAA,13,5,0,8,187,230,-43,10,kill shamrocks,54.054796,-7.135233
Cavan,A-League Division 3,2018,Shannon Gaels,13,5,0,8,170,196,-26,10,shannon gaels,54.289898,-7.866955
Cavan,A-League Division 3,2018,Templeport St. Aidan's GAA,13,3,1,9,194,219,-25,7,st aidans templeport,54.121966,-7.674415
Cavan,A-League Division 3,2018,Corlough,13,1,0,12,147,259,-112,2,corlough,54.118056,-7.747799
Cavan,A-League Division 3,2018,Maghera MacFinns,13,0,0,13,66,222,-156,0,maghera macfinns,53.800467,-7.039934
Cavan,B-League Division 1,2018,Cavan Gaels,11,10,1,0,223,116,107,21,cavan gaels,53.988038,-7.363122
Cavan,B-League Division 1,2018,Crosserlough,11,8,1,2,187,122,65,17,crosserlough,53.861975,-7.316331
Cavan,B-League Division 1,2018,Mullahoran GFC,11,7,2,2,94,81,13,16,mullahoran dreadnoughts,53.835173,-7.439166
Cavan,B-League Division 1,2018,Lacken GAA,11,7,1,3,224,175,49,15,lacken celtic,53.920851,-7.426256
Cavan,B-League Division 1,2018,Ramor United,11,7,1,3,185,139,46,15,ramor united,53.830296,-7.070488
Cavan,B-League Division 1,2018,Kingscourt Stars,11,6,0,5,111,127,-16,12,kingscourt stars,53.907118,-6.801545
Cavan,B-League Division 1,2018,Killygarry GAA Club/CLG Coill an Gharraí,11,4,0,7,111,145,-34,8,killygarry,53.964688,-7.318857
Cavan,B-League Division 1,2018,Castlerahan GAA,11,4,0,7,149,161,-12,8,castlerahan,53.861232,-7.209929
Cavan,B-League Division 1,2018,Laragh Utd,11,3,1,7,191,206,-15,7,laragh united,53.983051,-7.237147
Cavan,B-League Division 1,2018,Ballyhaise,11,2,1,8,87,153,-66,5,ballyhaise,54.046253,-7.314709
Cavan,B-League Division 1,2018,Killinkere CLG,11,2,0,9,159,253,-94,4,killinkere,53.885481,-7.050346
Cavan,B-League Division 1,2018,Gowna,11,2,0,9,106,149,-43,4,gowna,53.86601,-7.550067
Cavan,B-League Division 2,2018,CLG Cuchulainn,8,8,0,0,74,51,23,16,cuchulainns,53.808693,-6.938897
Cavan,B-League Division 2,2018,Ballinagh GAA,8,7,0,1,56,50,6,14,ballinagh,53.930673,-7.412008
Cavan,B-League Division 2,2018,Denn,8,4,1,3,104,83,21,9,denn,53.920235,-7.264607
Cavan,B-League Division 2,2018,Bailieborough,8,4,0,4,31,65,-34,8,bailieborough shamrocks,53.925765,-6.969827
Cavan,B-League Division 2,2018,Kildallan G.A.A. Club,8,4,0,4,50,58,-8,8,kildallan,54.119597,-7.584639
Cavan,B-League Division 2,2018,Cootehill Celtic GAA,8,3,1,4,0,0,0,7,cootehill celtic,54.072479,-7.079643
Cavan,B-League Division 2,2018,Cornafean,8,3,0,5,13,16,-3,6,cornafean,53.9504,-7.49461
Cavan,B-League Division 2,2018,Butlersbridge G.A.A,8,1,1,6,43,48,-5,3,butlersbridge,54.047954,-7.375035
Cavan,B-League Division 2,2018,Mountnugent,8,0,1,7,18,18,0,1,mountnugent,53.805934,-7.219515
Cavan,B-League Division 3 A,2018,Knockbride,7,7,0,0,154,87,67,14,knockbride,53.977897,-7.057976
Cavan,B-League Division 3 A,2018,Ballymachugh,7,6,0,1,41,46,-5,12,ballymachugh,53.835841,-7.353148
Cavan,B-League Division 3 A,2018,Munterconnaught,7,5,0,2,67,65,2,10,munterconnacht,53.793504,-7.066725
Cavan,B-League Division 3 A,2018,Lavey,7,4,0,3,44,62,-18,8,erins own lavey,53.901499,-7.17445
Cavan,B-League Division 3 A,2018,Drumgoon,7,3,0,4,65,82,-17,6,drumgoon éire óg,54.04294,-7.018316
Cavan,B-League Division 3 A,2018,Searcóg/Shercock,7,2,0,5,14,23,-9,4,shercock,53.980313,-6.88016
Cavan,B-League Division 3 A,2018,Drung,7,1,0,6,36,56,-20,2,drung dalcassians,54.068864,-7.225342
Cavan,B-League Division 3 A,2018,Redhills,7,0,0,7,0,0,0,0,redhills,54.099834,-7.32191
Cavan,B-League Division 3 B,2018,Drumalee,7,6,0,1,170,78,92,12,drumalee,53.997988,-7.352844
Cavan,B-League Division 3 B,2018,Arva,7,5,1,1,100,76,24,11,st patricks arva,53.92166,-7.57887
Cavan,B-League Division 3 B,2018,Belturbet Rory O'Moores,7,4,1,2,92,91,1,9,belturbet rory omoores,54.099878,-7.438112
Cavan,B-League Division 3 B,2018,Drumlane,7,4,0,3,105,77,28,8,drumlane,54.068624,-7.478328
Cavan,B-League Division 3 B,2018,Templeport St. Aidan's GAA,7,4,0,3,126,98,28,8,st aidans templeport,54.121966,-7.674415
Cavan,B-League Division 3 B,2018,Killeshandra,7,3,0,4,110,149,-39,6,killeshandra leaguers,54.011024,-7.526885
Cavan,B-League Division 3 B,2018,"St Mary's GAA, Swanlinbar",7,1,0,6,68,120,-52,2,st marys swanlinbar,54.192078,-7.704567
Cavan,B-League Division 3 B,2018,Shannon Gaels,7,0,0,7,68,150,-82,0,shannon gaels,54.289898,-7.866955
